subset,index,consumer_total_momentary_fuel_kg_s,consumer_total_shaft_power_w,environment_seafloor_depth_m,propeller_port_rotation_speed_rpm,propeller_port_shaft_power_w,propeller_port_shaft_torque_nm,propeller_starboard_rotation_speed_rpm,propeller_starboard_shaft_power_w,propeller_starboard_shaft_torque_nm,propeller_total_shaft_power_w,ship_bearing_deg,ship_heading_deg,ship_speed_over_ground_mps,ship_speed_through_water_mps,environment_wind_speed_mps,environment_wind_from_deg,environment_current_speed_mps,environment_current_to_deg,environment_wave_height_m
cps_poseidon,0,0.571069,7822400,75.765625,72.960001,2678438.8,350563.85625,72.006599,2564739.4,340127.01875,5243178.2,,226.060001,6.790667,6.965578,4.5,230.0,0.3,228.0,0.8
cps_poseidon,1,0.58227,7793800,75.765867,72.926399,2683832.8,351430.06875,72.0,2577400.2,341838.31875,5261233.0,232.976233,225.879996,6.790667,6.986155,7.0,235.0,0.4,227.0,1.0
cps_poseidon,2,0.575528,9868000,73.075334,72.966801,2685388.0,351440.6375,72.0,2571586.0,341067.175,5256974.0,232.272929,225.7,6.790667,6.996444,9.5,228.0,0.5,225.0,1.3
cps_poseidon,3,0.570643,9812600,72.895466,72.966751,2677291.75,350381.640625,72.0,2566647.6,340412.23125,5243939.35,231.903538,225.860001,6.790667,6.975867,12.0,220.0,0.6,230.0,1.8
cps_poseidon,4,0.576716,5842000,71.986555,72.953401,2668963.0,349359.60625,72.0,2558683.4,339355.86875,5227646.4,232.158584,225.979999,6.749511,6.934711,18.0,232.0,0.8,228.0,2.5
cps_poseidon,5,0.577149,7848600,72.91538,72.953401,2679175.8,350701.1875,72.0,2575887.0,341637.60625,5255062.8,232.174759,226.059998,6.739222,6.924422,8.5,240.0,0.3,220.0,1.2
cps_poseidon,6,0.575447,5852600,71.127187,72.98,2661828.0,348292.68125,72.0,2564736.4,340158.70625,5226564.4,232.462898,226.179999,6.790667,6.965578,6.0,225.0,0.4,225.0,0.9
